section,statement_id,claim_id,statement,evidence_path,status,limitation
2.4·2.5,RPT-001,CLM-001,"고정 RTL과 상위 구성의 기준 commit",project_registry/upstream_commits.yaml,SAFE,"로컬 경로가 아니라 repository URL과 commit을 authority로 사용"
I·2.1,RPT-002,CLM-019,"24시간 이상 Holter streaming은 설계 지향점",docs/LIMITATIONS_AND_CLAIM_BOUNDARY_KR.md,CAREFUL,"실제 24시간 정확도 처리시간 전력 미검증"
2.2,RPT-003,CLM-022,"대표 선행연구 범위의 제한적 차별성",project_registry/external_reference_registry.csv,CAREFUL,"세계 최초 또는 동일 연구 부재로 확대 금지"
I,RPT-004,CLM-006,"NSR CHF ARR AF 공개 데이터 구성",datasets/dataset_manifest.yaml,SAFE,"database-class confounding 존재"
I·2.1,RPT-005,CLM-003,"공통 30분 검증 조건",docs/DATASET_AND_EVALUATION_KR.md,SAFE,"하드웨어 최대 처리 길이가 아님"
I,RPT-006,CLM-006,"동일 원천 record chunk는 한 분할에만 포함",design/digital/docs/STRICT_RECORDWISE_PROTOCOL_KR.md,SAFE,"source record와 환자는 항상 동의어가 아님"
I·1.2,RPT-007,CLM-023,"30분 구간의 annotation 기반 라벨 대표성 및 데이터 품질 점검",docs/DATASET_AND_EVALUATION_KR.md,SAFE,"최종 RTL 입력은 annotation을 사용하지 않으며 database-class confounding이 남음"
1.1·2.3,RPT-008,CLM-001,"AFE ADC와 SNN RTL의 streaming 구조",docs/SYSTEM_OVERVIEW_KR.md,SAFE,"임상 진단 장치 주장이 아님"
2.1·2.3,RPT-009,CLM-002,"1 kSPS signed 12-bit 입력 규약",design/digital/reports/final/digital_input_contract.md,SAFE,"legacy raw 파일명의 AFF는 AF class를 의미"
2.2,RPT-010,CLM-003,"event QRS rhythm morphology와 두 시간척도 누적",docs/DIGITAL_ARCHITECTURE_KR.md,SAFE,"reader-facing grouping은 literal netlist가 아님"
2.3,RPT-011,CLM-003,"u_snapshot과 u_final 실제 RTL hierarchy",design/digital/rtl/snn_ecg_30min_final_top.v,SAFE,"top 내부 control logic을 가상 module로 만들지 않음"
2.3,RPT-012,CLM-002,"AXI-Lite control과 AXI-Stream sample input",design/digital/reports/final/digital_ip_scope_and_handoff.md,SAFE,"MicroBlaze system 자원은 Pure RTL 자원과 구분"
2.5·2.6,RPT-013,CLM-008,"Pure RTL 9719 LUT 5038 FF BRAM 0 DSP 0 WNS 8.184 ns",design/digital/reports/final/final_metrics.json,SAFE,"profiler build 9759 LUT 5049 FF와 혼합 금지"
2.5,RPT-014,CLM-009,"MicroBlaze 12494 LUT 8494 FF 16 BRAM 3 DSP WNS 0.097 ns",design/digital/reports/final/final_metrics.json,SAFE,"whole-system result"
2.4,RPT-015,CLM-013,"MATLAB LTspice XMODEL model-level consistency",tables/integration_evidence.csv,CAREFUL,"물리 AFE ADC 실측이 아님"
2.4,RPT-016,CLM-004,"Python RTL 36/36 and Final Membrane 144/144 equivalence",models/digital_equivalence/exact_cpp/results/equivalence_summary.json,SAFE,"classification accuracy가 아님"
2.4,RPT-017,CLM-011,"compact 36-case XMODEL RTL acceptance",verification/xmodel_rtl_acceptance_36case/output_equivalence_36case.csv,SAFE,"raw 30-minute dumps 36개를 모두 보유한다는 뜻은 아님"
2.4,RPT-018,CLM-012,"repo-contained raw XMODEL rerun 4/36",verification/xmodel_rtl_e2e/overall_summary.csv,SAFE,"32 raw dumps absent"
2.4,RPT-019,CLM-010,"FPGA class 36/36 and membranes 144/144",design/digital/reports/final/board_replay_36_batch_summary.json,SAFE,"hardware equivalence only"
2.5·2.6,RPT-020,CLM-004,"locked final 29/36 accuracy 80.56 percent Macro-F1 80.44 percent",design/digital/reports/final/final_metrics.json,SAFE,"database-class confounding remains"
1.2·2.5,RPT-021,CLM-014,"critical path observation pipeline split timing revalidation equivalence",verification/timing_optimization/RTL_TIMING_OPTIMIZATION_HISTORY_KR.md,CAREFUL,"historical hotspot resources are not final implementation resources"
2.5,RPT-022,CLM-015,"Exact C++ 1777.6998 ms versus FPGA active 36.0129 ms ratio 49.36",models/digital_equivalence/results/accelerator_benefit_summary.csv,CAREFUL,"active kernel time not end-to-end speedup"
2.5·2.6,RPT-023,CLM-016,"continuous 1 kSPS allocated estimate 142.0 mW",models/digital_equivalence/results/wearable_power_budget.csv,CAREFUL,"not measured board power"
2.5·2.6,RPT-024,CLM-017,"ideal complete power-gating average 2.991 uW",models/digital_equivalence/results/power_energy_summary.csv,CAREFUL,"conditional derived value not measured FPGA power"
2.6,RPT-025,CLM-021,"physical and clinical limitations",project_registry/unresolved_artifacts.csv,SAFE,"AFE PCB ADC silicon ASIC signoff fabrication and clinical validation absent"
2.4,RPT-026,CLM-001,"reproduction entry points Vivado projects and GPDK045 flow",REPRODUCIBILITY_KR.md,SAFE,"licensed tools external GPDK and raw datasets required"
2.4·2.5,RPT-027,CLM-025,"GPDK045 actual-core RTL-to-mapped Conformal 13-module PASS diff0 abort0",verification/asic_gpdk45_core/README_KR.md,SAFE,"logical equivalence not classification accuracy or routed signoff"
2.5·2.6,RPT-028,CLM-024,"GPDK045 mapped and post-route cell count and area",verification/asic_gpdk45_core/results/ppa_summary.csv,CAREFUL,"generic core-only syn_map; scan QoR clock slew PG fill antenna and foundry signoff incomplete"
2.5·2.6,RPT-029,CLM-026,"GPDK045 explicit extracted setup WNS +2.980 ns hold WNS -0.050 ns and 86 clock slew violations",tables/asic_gpdk45_ppa.csv,CAREFUL,"setup-hold and clock-rule closure not achieved"
2.5·2.6,RPT-030,CLM-027,"GPDK045 vectorless total power 3.35554239 mW",tables/asic_gpdk45_ppa.csv,CAREFUL,"default activity 0.10 not workload or measured silicon power"
2.4,RPT-031,CLM-028,"GPDK045 wrapper reduced-parameter synthetic Xcelium smoke cycle mismatch 0",verification/asic_gpdk45_core/results/equivalence_summary.csv,SAFE,"not default workload actual ECG 36-case formal proof or accuracy"
2.5·2.6,RPT-032,CLM-029,"GPDK045 run-2 scan-free core mapped and post-route PPA and timing",verification/asic_gpdk45_run2/core/results/ppa_summary.csv,CAREFUL,"hold and data-net max-transition residuals remain"
2.5·2.6,RPT-033,CLM-030,"GPDK045 run-2 AXI-inclusive accelerator mapped and post-route PPA and timing",verification/asic_gpdk45_run2/axi/results/ppa_summary.csv,CAREFUL,"accelerator block excludes MicroBlaze SoC pads and package; hold and data-net max-transition residuals remain"
2.5·2.6,RPT-034,CLM-031,"GPDK045 run-2 fixed global engineering timing derate assumption",verification/asic_gpdk45_run2/run_manifest.json,CAREFUL,"slow early 0.95 and fast late 1.05 are not foundry-characterized AOCV POCV or LVF"
2.4,RPT-035,CLM-032,"Run-2 wrapper RTL canonical digital 36/36 and actual raw XMODEL 4/4 exact regression",verification/asic_gpdk45_run2/regression/regression_summary.csv,SAFE,"canonical digital cohort is regenerated and actual raw XMODEL archive remains 4/36"
2.4·2.5,RPT-036,CLM-033,"Run-2 mapped-to-postroute LEC core 6178 and AXI 6287 compare points with diff abort unknown 0",verification/asic_gpdk45_run2/lec/equivalence_summary.csv,SAFE,"logical equivalence is not timing closure classification accuracy four-state GLS or signoff"
2.4,RPT-037,CLM-034,"Unmodified four-state gate output X and forced two-state mapped seed sensitivity boundary",verification/asic_gpdk45_run2/gate/gate_verification_summary.csv,CAREFUL,"testbench-conditioned finite seed experiment is not general GLS reset or power-up proof"
2.4,RPT-038,CLM-036,"MAX-SDF post-route seed-11 conditional pilot and SDFNCAP warning boundary",verification/asic_gpdk45_run2/sdf/sdf_pilot_summary.csv,CAREFUL,"single-seed forced-initialization pilot with timing checks disabled is not SDF regression or signoff"
2.5·2.6,RPT-039,CLM-035,"Exploratory PG attempt failed with 171 connectivity and 715 geometry violations",verification/asic_gpdk45_run2/pg/attempt_summary.csv,CAREFUL,"no implemented PG IR EM top PG source or foundry-rule claim"
2.5·2.6,RPT-040,CLM-037,"GPDK045 run-2 core and AXI post-route vectorless total power",tables/asic_gpdk45_run2_ppa.csv,CAREFUL,"default PI and sequential activity 0.10; not workload power energy per decision or measured silicon power"
2.5·2.6,RPT-041,CLM-038,"GPDK045 run-2 core seed-conditioned activity power windows and matched total delta",verification/asic_gpdk45_run2/power/activity_power_summary.csv,CAREFUL,"zero-delay mapped-gate conditional activity; normalized SAIF parse is not numeric coverage; prefix has no Snapshot/decision; not silicon power or energy per decision; AXI remains vectorless only"
2.5·2.6,RPT-042,CLM-039,"GPDK045 run-3 core hold and DRV closure",verification/asic_gpdk45_hold_closure/results/closure_summary.csv,CAREFUL,"generic padless signal-route core under fixed engineering OCV; not foundry signoff"
2.5·2.6,RPT-043,CLM-040,"GPDK045 run-3 AXI hold closure and residual DRV clock limits",verification/asic_gpdk45_hold_closure/results/closure_summary.csv,CAREFUL,"hold closed but data max-transition and clock slew fail; no full physical closure claim"
2.5·2.6,RPT-044,CLM-041,"GPDK045 run-4 AXI hold clock and internal DRC closure improvement with residual data transition",verification/asic_gpdk45_axi_closure_run4/results/closure_summary.csv,CAREFUL,"data max-transition still fails; generic padless signal-route block; no full physical closure or foundry signoff claim"
2.5·2.6,RPT-045,CLM-042,"GPDK045 run-5 AXI setup hold data-transition clock and internal DRC full closure",verification/asic_gpdk45_axi_full_closure_run5/results/closure_summary.csv,CAREFUL,"50 percent floorplan area tradeoff; generic padless signal-route block; no PG fill foundry signoff fabrication or silicon claim"
