path,sha256
design/digital/rtl/core/abandoned_feature_stubs.v,66911fb7aa3ff43627f507f40413f69d412b5524ebc9b4b2f2649425722c1caf
design/digital/rtl/core/class_score_neurons.v,028d82ef197636d6909c9d65b936a31097e50b9b720f24ced2111435c7c4ab99
design/digital/rtl/core/dscr_spike_counter.v,0b3a23d0091253e91b32d3fdc9abe4a497dde09f41c36e2f533224649e3c066d
design/digital/rtl/core/ecg_event_encoder_adaptive.v,ca3ff35e034883083bd8126e7334e81cd47883cad0593ccd5edd92ffb395ba5c
design/digital/rtl/core/ectopic_pair_neuron.v,c0e817fd72fdb61d812eb25bcb27041bdb01761f756e319d0e63d581cdf9ec25
design/digital/rtl/core/pnn_rhythm_predictor.v,f683da51d61c26c2b1bf363f428d198961a3a88a84f0bf32012f1977f20a220e
design/digital/rtl/core/qrs_lif_detector.v,2ac8d57cc7adea5ca55140ee0617baea6d14d250fb353c55a64b59a265ef94f9
design/digital/rtl/core/qrs_maf_neuron.v,a5fc1dd330fb6c3845163f9a4fb027fdfc408ba93169d780e02556fbd87ca466
design/digital/rtl/core/ram_peak_accumulator.v,67a85f417ab3f90348919ede6042fe2607c00c9279c75c25efb7cbfeee676373
design/digital/rtl/core/rbbb_qrs_delay_bank.v,59f6f8d876c079c3f672de216819954ff67b89cb83f4aa61c1b22b306532376d
design/digital/rtl/core/rdm_variability_neuron.v,657a2facd4993ad2459bf112f0078cc315bdf7033a047c182852d80cdc1febfe
design/digital/rtl/core/snn_ecg_3feat_top.v,04d05ab8a96f74bdbbed5fa03bd3cb7d89926e0c6d8d7c3279e08e33f9f75a33
design/digital/rtl/core/snn_ecg_input_normalizer.v,b906e24e9f42cd34f56390d569fb342c13fb7b6b4cd6277478fafd24c55d5ab6
design/digital/rtl/final_membrane_layer.v,8d55140eb8eb48a526162520387676905be4f093e0211001900f4258dd379f20
design/digital/rtl/strict_recordwise_locked_params.vh,198658dbcc564aec13e3717b3cb4f00b38ce2eff9ab54e63c71a0b5d6b19a94f
design/digital/rtl/snn_ecg_30min_final_top.v,6914784a2a908569bd25b825b2de7c0c8a952d0884cc6d77261aae881a5fde0e
design/digital/asic/gpdk45/rtl/snn_ecg_asic_core_top.v,17ab8e04d4a96e4be6d86b2f5d6c5eb3d6a5df042f957f51c8c14de7b7a4cad8
