artifact_id,topic,status,current_evidence,required_follow_up,claim_boundary
UNR-001,24시간 이상 Holter 입력,OPEN,30분 입력 36건 검증,동일 규약의 실제 24시간 입력 정확도와 처리 검증,24시간은 설계 지향점
UNR-002,물리 AFE와 ADC,OPEN,MATLAB LTspice XMODEL 기반 모델 검증,AFE PCB와 ADC silicon 제작 및 실측,물리 회로 검증 주장 금지
UNR-003,ASIC 구현,PARTIAL,"Run-3 core and run-6 AXI setup hold data-transition clock-slew internal-DRC checks closed; run-6 AXI hold +0.010 ns after 0.100 ns uncertainty; clean mapped-to-postroute LEC","successful PG IR physical-only cells metal fill complete antenna data foundry DRC/LVS DFT pad package fabrication","generic demo PDK exploratory blocks under fixed engineering derates; block closure와 full-chip foundry signoff tape-out silicon을 구분"
UNR-004,전력 실측,OPEN,"Vivado activity estimate; run-1 vectorless 3.35554239 mW; run-2 core/AXI 3.71626492/3.69335598 mW; run-3 core/AXI 3.72167787/3.79286409 mW; run-4 AXI 3.71285384 mW; run-5 AXI 3.58433691 mW; run-6 AXI 3.71636663 mW; run-2 core conditional activity windows","unconditioned reset-aware workload activity with quantified annotation coverage PG/IR model snapshot/decision windows and board/ASIC silicon measurement","run-6도 vectorless estimate; activity evidence는 core-only conditional window이며 AXI activity power 없음"
UNR-005,임상 검증,OPEN,공개 데이터베이스 공학 검증,동일 측정환경의 임상 cohort와 의료기기 절차,진단 또는 임상 성능 주장 금지
UNR-006,database-class confounding,OPEN,source-record-wise 분할,동일 획득환경 다중 클래스 또는 cross-database 검증,record leakage 방지와 domain confounding 해소를 구분
UNR-007,원시 XMODEL ADC 36건 저장소 재실행,PARTIAL,4건 원시 덤프와 36건 compact acceptance,나머지 32건 원시 ADC 덤프 보관 또는 재생성,저장소 내 원시 재실행 가능 범위는 4/36
UNR-008,ASIC gate four-state initialization,PARTIAL,"unmodified full raw case0 remained X; forced two-state mapped seeds 11 22 33 exact; forced MAX-SDF seed11 exact with timing checks disabled","reset architecture or initialization intent X-pessimism-capable licensed flow and broader unmodified gate/SDF regression","forced results are finite sampled testbench-conditioned sensitivity only"
UNR-009,ASIC exploratory power grid,OPEN,"geometry-only PG attempt failed with 171 connectivity and 715 geometry violations","top PG pads or sources foundry PG rules tap/endcap decap metal fill IR and EM analysis","failed attempt is not an implemented PG network"
